{
  "shuffle": true,
  "subset": null,
  "min_freq": 75,
  "lower": true,
  "stem": false,
  "analyzer": "char_wb",
  "ngram_max_range": 3,
  "alpha": 0.0001,
  "learning_rate": 0.01885064409941914,
  "power_t": 0.1254988723980418,
  "num_epochs": 100,
  "threshold": 0.3201138759959066
}
