{
  "overall": {
    "precision": 0.891372725481768,
    "recall": 0.7777777777777778,
    "f1": 0.8050988511346567,
    "num_samples": 144.0
  },
  "class": {
    "computer-vision": {
      "precision": 1.0,
      "recall": 0.7037037037037037,
      "f1": 0.8260869565217391,
      "num_samples": 54.0
    },
    "mlops": {
      "precision": 0.9090909090909091,
      "recall": 0.8333333333333334,
      "f1": 0.8695652173913043,
      "num_samples": 12.0
    },
    "natural-language-processing": {
      "precision": 0.9574468085106383,
      "recall": 0.7758620689655172,
      "f1": 0.8571428571428572,
      "num_samples": 58.0
    },
    "other": {
      "precision": 0.3958333333333333,
      "recall": 0.95,
      "f1": 0.5588235294117647,
      "num_samples": 20.0
    }
  },
  "slices": {
    "nlp_cnn": {
      "precision": 1.0,
      "recall": 1.0,
      "f1": 1.0,
      "num_samples": 1
    },
    "short_text": {
      "precision": 0.8,
      "recall": 0.8,
      "f1": 0.8000000000000002,
      "num_samples": 5
    }
  }
}
